CTRL_CHR1,GCACATGGGATTTTGCAGGAACATGTCTCTGTCACTGG,CCATCTGGCTTTAGTTCCACTTCAATCAGC
CTRL_CHR12,CTAGCATATGATAAAAATTTGGAAATAATGTGCTAGGC,GGCTATGATCATGTTTTATTTGTACTATAATTTCCAGGTC
CTRL_EEF1A1,CCTTTCTGGTATTAAACATACCTCAGCAGCC,GATCTTGGTTCATTCTCAAGCCTCAGACAGTGG
CTRL_PTMAp,CGACAGCTAAGTGCGGTGGCGATAAGGCCAGCG,CAGAGTTCCTCGGGAAAAATCATCGTCTCTGGAGCC
CTRL_ZNF425,CGCCGCAGGGAAACTCCTTCTGCCTGTCGTGGAC,CGAGTGTAACAAAAGTTTCCGCCTCAAGAGAAGCCTG
HR11b,GAGTCCCTGGCCGGCTGCAAAAGGAACAGCAG,AGCCTCTCCGCAGACGCTGCACGACCGCG
HR15,GTCCGCTTGCCGCGGGCGGCCGGAGACGTGC,CGCCGCGCTCCCAACCGCGTCTGCAC
HR17,CGGCCTGTGGGTCGGCCTCACCCCGGCCTCCG,CCGCCTCATCTTCTCTGCTAGACTTAGAGTTCCTG
HR18,CGGGCGAGAACGGCTGGGCCCGGCCGGGACCG,AGCCCCGGCGCCAGCCCGGGCCCTCGGC
HR19b,CACGCTTGGGAGGCCAGTCCGCACGCTCGGTCG,GCGGGGCCGAGCCGGGAAGCTGGTCGGTGCG
HR20,CGGCGGCGAGGGAGGCGAGGACGACGCCAG,GTGACGTAATCTCCGTCCGCGGCCGCGGCG
HR24d,GCCACGAAGCAGGCAGAGCGCGAGC,CATGGAAGATGGTCCGCTGGTCAGC
HR2b,TCGCCCCCGCAGCAGCTTCCCGGGCTTTGGCCGC,CAGGCGGCCCTAGCGACCCGAGTCCCCACGCCG
HR5,TCCGCAGAGCCCAAGAAGTGGGCCTCTCTGC,GCCGCACCTACCGCGCGGGCCCTCACCTGCGCTG
HR9b,TCCGGAAGCGCCATGGGCCAACGCTCGCA,CCCTCTCATTGGCTTGAACAAGTCAGGTGACC
NH14d,TCACACTCCTAGGGGACATCGCGTCAATCTGGC,GCTGGGAACTGTAGTCTTCTGGACGCCGGCGGTAGCAACG
NH1e,GCGCCCAGGGCGAAGGTACTTAGACAGC,AGCCTCAGCCTCTGGCTCCCTCTGCAGGCAG
NH25d,TCAACCTCCACAGAGAACCCAGTCCGAAATCG,GCCTCAAGGTAAGAGGCAGCAAAGCTGCTGCTTG
NH28d,GCTAGCGCCGCGGCGGGGGCTGGGCACGC,GAGCCCCCAACGGGCCTCCCGCCCGCTGCACC
NH8d,TGACGACCAGGGGCAGAGGGCTGGAGCAGC,CGTGACACAACTCTCCCGCGGGCCCAGGGACG
NHEJ11,CAATTATCGGCAGATTAGGTTTCTACTCTCCGTG,CAGGAGTGATGTCACCGGCGAGGCGAGCCCTGCC
NHEJ15,CGGCGGCTCCCCCTGCTCTGACATCTTGAAGACG,CCTCTGGAGGCGGCCCCCGTAGATCGTCTCCGG
NHEJ22,CTGCCGACAAGCCCAGCACTGAGAAAGACGGGC,TCCACCCCACCTTCGGGCCAGATGCTGATGTTTCT
NHEJ27,GCGTCCGGGAGCAGCTCCGAGGCCGCGGCG,GAAGGAGTCCCGGCCAACAGCACTGTGTTCCGA
NHEJ4,CGGCAACCTGGAAACCAGACTCCAAACATTGGC,GGTCTTGGGCTCACTCCAGCCGCGCAACTCCCAG
